{
    "esp-idf": {
        "HEAD": "v5.1.2",
        "submodules": [
            {
                "name": "components/bootloader/subproject/components/micro-ecc/micro-ecc",
                "version": "v1.1"
            },
            {
                "name": "components/bt/controller/lib_esp32",
                "version": "943b0f2"
            },
            {
                "name": "components/bt/controller/lib_esp32c2/esp32c2-bt-lib",
                "version": "ea33fba"
            },
            {
                "name": "components/bt/controller/lib_esp32c3_family",
                "version": "0cfac1b"
            },
            {
                "name": "components/bt/controller/lib_esp32c6/esp32c6-bt-lib",
                "version": "c32ea6a"
            },
            {
                "name": "components/bt/controller/lib_esp32h2/esp32h2-bt-lib",
                "version": "e4a8094"
            },
            {
                "name": "components/bt/host/nimble/nimble",
                "version": "b85d99de"
            },
            {
                "name": "components/cmock/CMock",
                "version": "v2.5.2-2-geeecc49"
            },
            {
                "name": "components/esp_coex/lib",
                "version": "68cbbdb"
            },
            {
                "name": "components/esp_phy/lib",
                "version": "a8e8b95"
            },
            {
                "name": "components/esp_wifi/lib",
                "version": "4019e5e8"
            },
            {
                "name": "components/heap/tlsf",
                "version": "8c9cd05"
            },
            {
                "name": "components/ieee802154/lib",
                "version": "102b03c"
            },
            {
                "name": "components/json/cJSON",
                "version": "v1.7.16"
            },
            {
                "name": "components/lwip/lwip",
                "version": "7896c6ca"
            },
            {
                "name": "components/mbedtls/mbedtls",
                "version": "mbedtls-3.5.0-5-gdd91f3005"
            },
            {
                "name": "components/mqtt/esp-mqtt",
                "version": "ESP-MQTT_FOR_IDF_4.x-227-ge6afdb4"
            },
            {
                "name": "components/openthread/lib",
                "version": "12f563e"
            },
            {
                "name": "components/openthread/openthread",
                "version": "thread-reference-20230706-133-gaf5938e38"
            },
            {
                "name": "components/protobuf-c/protobuf-c",
                "version": "v1.4.1"
            },
            {
                "name": "components/spiffs/spiffs",
                "version": "0.3.7-39-g0dbb3f7"
            },
            {
                "name": "components/unity/unity",
                "version": "v2.4.3-51-g7d2bf62"
            }
        ]
    },
    "project": {
        "name": "multi_device",
        "version": "1.0"
    },
    "toolchain": "xtensa-esp32s2-elf-gcc (crosstool-NG esp-12.2.0_20230208) 12.2.0\r"
}